0;0;0;0
0;0;1;0
0;0;0;1
0;0;0;2
-1;0;-32;0
-1;0;-31;0
-1;0;-30;0
-1;0;-29;0
-1;0;-28;0
-1;0;-27;0
-1;0;-26;0
-1;0;-25;0
-1;0;-24;0
-1;0;-23;0
-1;0;-22;0
-1;0;-21;0
-1;0;-20;0
-1;0;-19;0
-1;0;-18;0
-1;0;-17;0
-1;0;-16;0
-1;0;-15;0
-1;0;-14;0
-1;0;-13;0
-1;0;-12;0
-1;0;-11;0
-1;0;-10;0
-1;0;-9;0
-1;0;-8;0
-1;0;-7;0
-1;0;-6;0
-1;0;-5;0
-1;0;-4;0
-1;0;-3;0
-1;0;-2;0
-1;0;-1;0
-1;0;-32;1
-1;0;-31;1
-1;0;-30;1
-1;0;-29;1
-1;0;-28;1
-1;0;-27;1
-1;0;-26;1
-1;0;-25;1
-1;0;-24;1
-1;0;-23;1
-1;0;-22;1
-1;0;-21;1
-1;0;-20;1
-1;0;-19;1
-1;0;-18;1
-1;0;-17;1
-1;0;-16;1
-1;0;-15;1
-1;0;-14;1
-1;0;-13;1
-1;0;-12;1
-1;0;-11;1
-1;0;-10;1
-1;0;-9;1
-1;0;-8;1
-1;0;-7;1
-1;0;-6;1
-1;0;-5;1
-1;0;-4;1
-1;0;-3;1
-1;0;-2;1
-1;0;-1;1
-1;0;-32;2
-1;0;-31;2
-1;0;-30;2
-1;0;-29;2
-1;0;-28;2
-1;0;-27;2
-1;0;-26;2
-1;0;-25;2
-1;0;-24;2
-1;0;-23;2
-1;0;-22;2
-1;0;-21;2
-1;0;-20;2
-1;0;-19;2
-1;0;-18;2
-1;0;-17;2
-1;0;-16;2
-1;0;-15;2
-1;0;-14;2
-1;0;-13;2
-1;0;-12;2
-1;0;-11;2
-1;0;-10;2
-1;0;-9;2
-1;0;-8;2
-1;0;-7;2
-1;0;-6;2
-1;0;-5;2
-1;0;-4;2
-1;0;-3;2
-1;0;-2;2
-1;0;-1;2
-1;0;-32;3
-1;0;-31;3
-1;0;-30;3
-1;0;-29;3
-1;0;-28;3
-1;0;-27;3
-1;0;-26;3
-1;0;-25;3
-1;0;-24;3
-1;0;-23;3
-1;0;-22;3
-1;0;-21;3
-1;0;-20;3
-1;0;-19;3
-1;0;-18;3
-1;0;-17;3
-1;0;-16;3
-1;0;-15;3
-1;0;-14;3
-1;0;-13;3
-1;0;-12;3
-1;0;-11;3
-1;0;-10;3
-1;0;-9;3
-1;0;-8;3
-1;0;-7;3
-1;0;-6;3
-1;0;-5;3
-1;0;-4;3
-1;0;-3;3
-1;0;-2;3
-1;0;-1;3
-1;0;-32;4
-1;0;-31;4
-1;0;-30;4
-1;0;-29;4
-1;0;-28;4
-1;0;-27;4
-1;0;-26;4
-1;0;-25;4
-1;0;-24;4
-1;0;-23;4
-1;0;-22;4
-1;0;-21;4
-1;0;-20;4
-1;0;-19;4
-1;0;-18;4
-1;0;-17;4
-1;0;-16;4
-1;0;-15;4
-1;0;-14;4
-1;0;-13;4
-1;0;-12;4
-1;0;-11;4
-1;0;-10;4
-1;0;-9;4
-1;0;-8;4
-1;0;-7;4
-1;0;-32;5
-1;0;-31;5
-1;0;-30;5
-1;0;-29;5
-1;0;-28;5
-1;0;-27;5
-1;0;-26;5
-1;0;-25;5
-1;0;-24;5
-1;0;-23;5
-1;0;-22;5
-1;0;-21;5
-1;0;-20;5
-1;0;-19;5
-1;0;-18;5
-1;0;-17;5
-1;0;-16;5
-1;0;-15;5
-1;0;-14;5
-1;0;-13;5
-1;0;-12;5
-1;0;-11;5
-1;0;-10;5
-1;0;-9;5
-1;0;-8;5
-1;0;-7;5
-1;0;-32;6
-1;0;-31;6
-1;0;-30;6
-1;0;-29;6
-1;0;-28;6
-1;0;-27;6
-1;0;-26;6
-1;0;-25;6
-1;0;-24;6
-1;0;-23;6
-1;0;-22;6
-1;0;-21;6
-1;0;-20;6
-1;0;-19;6
-1;0;-18;6
-1;0;-17;6
-1;0;-16;6
-1;0;-15;6
-1;0;-14;6
-1;0;-13;6
-1;0;-12;6
-1;0;-11;6
-1;0;-10;6
-1;0;-9;6
-1;0;-8;6
-1;0;-32;7
-1;0;-31;7
-1;0;-30;7
-1;0;-29;7
-1;0;-28;7
-1;0;-27;7
-1;0;-26;7
-1;0;-25;7
-1;0;-24;7
-1;0;-23;7
-1;0;-22;7
-1;0;-21;7
-1;0;-20;7
-1;0;-19;7
-1;0;-18;7
-1;0;-17;7
-1;0;-16;7
-1;0;-15;7
-1;0;-14;7
-1;0;-13;7
-1;0;-12;7
-1;0;-11;7
-1;0;-10;7
-1;0;-9;7
-1;0;-8;7
-1;0;-32;8
-1;0;-31;8
-1;0;-30;8
-1;0;-29;8
-1;0;-28;8
-1;0;-27;8
-1;0;-26;8
-1;0;-25;8
-1;0;-24;8
-1;0;-23;8
-1;0;-22;8
-1;0;-13;8
-1;0;-12;8
-1;0;-11;8
-1;0;-10;8
-1;0;-9;8
-1;0;-8;8
-1;0;-32;9
-1;0;-31;9
-1;0;-30;9
-1;0;-29;9
-1;0;-28;9
-1;0;-27;9
-1;0;-26;9
-1;0;-25;9
-1;0;-24;9
-1;0;-23;9
-1;0;-12;9
-1;0;-11;9
-1;0;-10;9
-1;0;-9;9
-1;0;-32;10
-1;0;-31;10
-1;0;-30;10
-1;0;-29;10
-1;0;-28;10
-1;0;-27;10
-1;0;-26;10
-1;0;-25;10
-1;0;-24;10
-1;0;-32;11
-1;0;-31;11
-1;0;-30;11
-1;0;-29;11
-1;0;-28;11
-1;0;-27;11
-1;0;-26;11
-1;0;-25;11
-1;0;-24;11
-1;0;-32;12
-1;0;-31;12
-1;0;-30;12
-1;0;-29;12
-1;0;-28;12
-1;0;-27;12
-1;0;-26;12
-1;0;-25;12
-1;0;-32;13
-1;0;-31;13
-1;0;-30;13
-1;0;-29;13
-1;0;-28;13
-1;0;-27;13
-1;0;-26;13
-1;0;-32;14
-1;0;-31;14
-1;0;-30;14
-1;0;-29;14
-1;0;-28;14
-1;0;-27;14
-1;0;-26;14
-1;0;-32;15
-1;0;-31;15
-1;0;-30;15
-1;0;-29;15
-1;0;-28;15
-1;0;-27;15
-1;0;-30;16
-1;0;-29;16
-3;1;-72;32
-3;1;-71;32
-3;1;-70;32
-3;1;-68;32
-3;1;-67;32
-3;1;-66;32
-3;1;-65;32
-2;0;-64;0
-2;0;-63;0
-2;0;-62;0
-2;0;-61;0
-2;0;-60;0
-2;0;-59;0
-2;0;-58;0
-2;0;-52;0
-2;0;-51;0
-2;0;-50;0
-2;0;-49;0
-2;0;-48;0
-2;0;-47;0
-2;0;-46;0
-2;0;-45;0
-2;0;-44;0
-2;0;-43;0
-2;0;-42;0
-2;0;-41;0
-2;0;-40;0
-2;0;-39;0
-2;0;-38;0
-2;0;-37;0
-2;0;-36;0
-2;0;-35;0
-2;0;-34;0
-2;0;-33;0
-2;0;-64;1
-2;0;-63;1
-2;0;-62;1
-2;0;-61;1
-2;0;-60;1
-2;0;-59;1
-2;0;-58;1
-2;0;-56;1
-2;0;-55;1
-2;0;-54;1
-2;0;-53;1
-2;0;-52;1
-2;0;-51;1
-2;0;-50;1
-2;0;-49;1
-2;0;-48;1
-2;0;-47;1
-2;0;-46;1
-2;0;-45;1
-2;0;-44;1
-2;0;-43;1
-2;0;-42;1
-2;0;-41;1
-2;0;-40;1
-2;0;-39;1
-2;0;-38;1
-2;0;-37;1
-2;0;-36;1
-2;0;-35;1
-2;0;-34;1
-2;0;-33;1
-2;0;-64;2
-2;0;-63;2
-2;0;-62;2
-2;0;-61;2
-2;0;-60;2
-2;0;-59;2
-2;0;-58;2
-2;0;-57;2
-2;0;-56;2
-2;0;-55;2
-2;0;-54;2
-2;0;-53;2
-2;0;-52;2
-2;0;-51;2
-2;0;-50;2
-2;0;-49;2
-2;0;-48;2
-2;0;-47;2
-2;0;-46;2
-2;0;-45;2
-2;0;-44;2
-2;0;-43;2
-2;0;-42;2
-2;0;-41;2
-2;0;-40;2
-2;0;-39;2
-2;0;-38;2
-2;0;-37;2
-2;0;-36;2
-2;0;-35;2
-2;0;-34;2
-2;0;-33;2
-2;0;-64;3
-2;0;-63;3
-2;0;-62;3
-2;0;-61;3
-2;0;-60;3
-2;0;-59;3
-2;0;-58;3
-2;0;-57;3
-2;0;-56;3
-2;0;-55;3
-2;0;-54;3
-2;0;-53;3
-2;0;-52;3
-2;0;-51;3
-2;0;-50;3
-2;0;-49;3
-2;0;-48;3
-2;0;-47;3
-2;0;-46;3
-2;0;-45;3
-2;0;-44;3
-2;0;-43;3
-2;0;-42;3
-2;0;-41;3
-2;0;-40;3
-2;0;-39;3
-2;0;-38;3
-2;0;-37;3
-2;0;-36;3
-2;0;-35;3
-2;0;-34;3
-2;0;-33;3
-2;0;-64;4
-2;0;-63;4
-2;0;-62;4
-2;0;-61;4
-2;0;-60;4
-2;0;-59;4
-2;0;-58;4
-2;0;-57;4
-2;0;-56;4
-2;0;-55;4
-2;0;-54;4
-2;0;-53;4
-2;0;-52;4
-2;0;-51;4
-2;0;-50;4
-2;0;-49;4
-2;0;-48;4
-2;0;-47;4
-2;0;-46;4
-2;0;-45;4
-2;0;-44;4
-2;0;-43;4
-2;0;-42;4
-2;0;-41;4
-2;0;-40;4
-2;0;-39;4
-2;0;-38;4
-2;0;-37;4
-2;0;-36;4
-2;0;-35;4
-2;0;-34;4
-2;0;-33;4
-2;0;-64;5
-2;0;-63;5
-2;0;-62;5
-2;0;-61;5
-2;0;-60;5
-2;0;-59;5
-2;0;-58;5
-2;0;-57;5
-2;0;-56;5
-2;0;-55;5
-2;0;-54;5
-2;0;-53;5
-2;0;-52;5
-2;0;-51;5
-2;0;-50;5
-2;0;-49;5
-2;0;-48;5
-2;0;-47;5
-2;0;-46;5
-2;0;-45;5
-2;0;-44;5
-2;0;-43;5
-2;0;-42;5
-2;0;-41;5
-2;0;-40;5
-2;0;-39;5
-2;0;-38;5
-2;0;-37;5
-2;0;-36;5
-2;0;-35;5
-2;0;-34;5
-2;0;-33;5
-2;0;-64;6
-2;0;-63;6
-2;0;-62;6
-2;0;-61;6
-2;0;-60;6
-2;0;-59;6
-2;0;-58;6
-2;0;-57;6
-2;0;-56;6
-2;0;-55;6
-2;0;-54;6
-2;0;-53;6
-2;0;-52;6
-2;0;-51;6
-2;0;-50;6
-2;0;-49;6
-2;0;-48;6
-2;0;-47;6
-2;0;-46;6
-2;0;-45;6
-2;0;-44;6
-2;0;-43;6
-2;0;-42;6
-2;0;-41;6
-2;0;-40;6
-2;0;-39;6
-2;0;-38;6
-2;0;-37;6
-2;0;-36;6
-2;0;-35;6
-2;0;-34;6
-2;0;-33;6
-2;0;-64;7
-2;0;-63;7
-2;0;-62;7
-2;0;-61;7
-2;0;-60;7
-2;0;-59;7
-2;0;-58;7
-2;0;-57;7
-2;0;-56;7
-2;0;-55;7
-2;0;-54;7
-2;0;-53;7
-2;0;-52;7
-2;0;-51;7
-2;0;-50;7
-2;0;-49;7
-2;0;-48;7
-2;0;-47;7
-2;0;-46;7
-2;0;-45;7
-2;0;-44;7
-2;0;-43;7
-2;0;-42;7
-2;0;-41;7
-2;0;-40;7
-2;0;-39;7
-2;0;-38;7
-2;0;-37;7
-2;0;-36;7
-2;0;-35;7
-2;0;-34;7
-2;0;-33;7
-2;0;-64;8
-2;0;-63;8
-2;0;-62;8
-2;0;-61;8
-2;0;-60;8
-2;0;-59;8
-2;0;-58;8
-2;0;-57;8
-2;0;-56;8
-2;0;-55;8
-2;0;-54;8
-2;0;-53;8
-2;0;-52;8
-2;0;-51;8
-2;0;-50;8
-2;0;-49;8
-2;0;-48;8
-2;0;-47;8
-2;0;-46;8
-2;0;-45;8
-2;0;-44;8
-2;0;-43;8
-2;0;-42;8
-2;0;-36;8
-2;0;-35;8
-2;0;-34;8
-2;0;-33;8
-2;0;-64;9
-2;0;-63;9
-2;0;-62;9
-2;0;-61;9
-2;0;-60;9
-2;0;-59;9
-2;0;-58;9
-2;0;-57;9
-2;0;-56;9
-2;0;-55;9
-2;0;-54;9
-2;0;-53;9
-2;0;-52;9
-2;0;-51;9
-2;0;-50;9
-2;0;-49;9
-2;0;-48;9
-2;0;-35;9
-2;0;-34;9
-2;0;-33;9
-2;0;-64;10
-2;0;-63;10
-2;0;-62;10
-2;0;-61;10
-2;0;-60;10
-2;0;-59;10
-2;0;-58;10
-2;0;-57;10
-2;0;-56;10
-2;0;-55;10
-2;0;-54;10
-2;0;-53;10
-2;0;-52;10
-2;0;-51;10
-2;0;-50;10
-2;0;-34;10
-2;0;-33;10
-2;0;-64;11
-2;0;-63;11
-2;0;-62;11
-2;0;-61;11
-2;0;-60;11
-2;0;-59;11
-2;0;-58;11
-2;0;-57;11
-2;0;-56;11
-2;0;-55;11
-2;0;-54;11
-2;0;-53;11
-2;0;-52;11
-2;0;-51;11
-2;0;-50;11
-2;0;-33;11
-2;0;-64;12
-2;0;-63;12
-2;0;-62;12
-2;0;-61;12
-2;0;-60;12
-2;0;-59;12
-2;0;-58;12
-2;0;-57;12
-2;0;-56;12
-2;0;-55;12
-2;0;-33;12
-2;0;-64;13
-2;0;-63;13
-2;0;-62;13
-2;0;-61;13
-2;0;-60;13
-2;0;-59;13
-2;0;-58;13
-2;0;-57;13
-2;0;-56;13
-2;0;-33;13
-2;0;-64;14
-2;0;-63;14
-2;0;-62;14
-2;0;-61;14
-2;0;-60;14
-2;0;-59;14
-2;0;-58;14
-2;0;-57;14
-2;0;-56;14
-2;0;-64;15
-2;0;-63;15
-2;0;-62;15
-2;0;-61;15
-2;0;-60;15
-2;0;-59;15
-2;0;-58;15
-2;0;-57;15
-2;0;-56;15
-2;0;-64;16
-2;0;-63;16
-2;0;-62;16
-2;0;-61;16
-2;0;-60;16
-2;0;-59;16
-2;0;-58;16
-2;0;-57;16
-2;0;-56;16
-2;0;-64;17
-2;0;-63;17
-2;0;-62;17
-2;0;-61;17
-2;0;-60;17
-2;0;-59;17
-2;0;-58;17
-2;0;-57;17
-2;0;-56;17
-2;0;-64;18
-2;0;-63;18
-2;0;-62;18
-2;0;-61;18
-2;0;-60;18
-2;0;-59;18
-2;0;-58;18
-2;0;-57;18
-2;0;-56;18
-2;0;-64;19
-2;0;-63;19
-2;0;-62;19
-2;0;-61;19
-2;0;-60;19
-2;0;-59;19
-2;0;-58;19
-2;0;-64;20
-2;0;-63;20
-2;0;-62;20
-2;0;-61;20
-2;0;-60;20
-2;0;-59;20
-2;0;-58;20
-2;0;-64;21
-2;0;-63;21
-2;0;-62;21
-2;0;-61;21
-2;0;-60;21
-2;0;-59;21
-2;0;-58;21
-2;0;-64;22
-2;0;-63;22
-2;0;-62;22
-2;0;-61;22
-2;0;-60;22
-2;0;-59;22
-2;0;-58;22
-2;0;-64;23
-2;0;-63;23
-2;0;-62;23
-2;0;-61;23
-2;0;-60;23
-2;0;-59;23
-2;0;-58;23
-2;0;-57;23
-2;0;-56;23
-2;0;-55;23
-2;0;-64;24
-2;0;-63;24
-2;0;-62;24
-2;0;-61;24
-2;0;-60;24
-2;0;-59;24
-2;0;-58;24
-2;0;-57;24
-2;0;-56;24
-2;0;-55;24
-2;0;-64;25
-2;0;-63;25
-2;0;-62;25
-2;0;-61;25
-2;0;-60;25
-2;0;-59;25
-2;0;-58;25
-2;0;-57;25
-2;0;-56;25
-2;0;-55;25
-2;0;-64;26
-2;0;-63;26
-2;0;-62;26
-2;0;-61;26
-2;0;-60;26
-2;0;-59;26
-2;0;-58;26
-2;0;-57;26
-2;0;-56;26
-2;0;-55;26
-2;0;-64;27
-2;0;-63;27
-2;0;-62;27
-2;0;-61;27
-2;0;-60;27
-2;0;-59;27
-2;0;-58;27
-2;0;-57;27
-2;0;-56;27
-2;0;-55;27
-2;0;-64;28
-2;0;-63;28
-2;0;-62;28
-2;0;-61;28
-2;0;-60;28
-2;0;-59;28
-2;0;-58;28
-2;0;-57;28
-2;0;-56;28
-2;0;-55;28
-2;0;-64;29
-2;0;-63;29
-2;0;-62;29
-2;0;-61;29
-2;0;-60;29
-2;0;-59;29
-2;0;-58;29
-2;0;-57;29
-2;0;-64;30
-2;0;-63;30
-2;0;-62;30
-2;0;-61;30
-2;0;-60;30
-2;0;-59;30
-2;0;-58;30
-2;0;-57;30
-2;0;-64;31
-2;0;-63;31
-2;0;-62;31
-2;0;-61;31
-2;0;-60;31
-2;0;-59;31
-2;0;-58;31
-2;0;-57;31
0;-1;0;-4
0;-1;0;-3
0;-1;1;-3
0;-1;0;-2
0;-1;1;-2
0;-1;0;-1
0;-1;1;-1
-2;1;-64;32
-2;1;-63;32
-2;1;-62;32
-2;1;-61;32
-2;1;-60;32
-2;1;-59;32
-2;1;-58;32
-2;1;-57;32
-3;-1;-69;-2
-3;-1;-68;-2
-3;-1;-67;-2
-3;-1;-66;-2
-3;-1;-65;-2
-3;-1;-70;-1
-3;-1;-69;-1
-3;-1;-68;-1
-3;-1;-67;-1
-3;-1;-66;-1
-3;-1;-65;-1
-2;-1;-49;-9
-2;-1;-48;-9
-2;-1;-47;-9
-2;-1;-46;-9
-2;-1;-45;-9
-2;-1;-44;-9
-2;-1;-43;-9
-2;-1;-42;-9
-2;-1;-41;-9
-2;-1;-40;-9
-2;-1;-39;-9
-2;-1;-38;-9
-2;-1;-37;-9
-2;-1;-36;-9
-2;-1;-35;-9
-2;-1;-34;-9
-2;-1;-49;-8
-2;-1;-48;-8
-2;-1;-47;-8
-2;-1;-46;-8
-2;-1;-45;-8
-2;-1;-44;-8
-2;-1;-43;-8
-2;-1;-42;-8
-2;-1;-41;-8
-2;-1;-40;-8
-2;-1;-39;-8
-2;-1;-38;-8
-2;-1;-37;-8
-2;-1;-36;-8
-2;-1;-35;-8
-2;-1;-34;-8
-2;-1;-33;-8
-2;-1;-50;-7
-2;-1;-49;-7
-2;-1;-48;-7
-2;-1;-47;-7
-2;-1;-46;-7
-2;-1;-45;-7
-2;-1;-44;-7
-2;-1;-43;-7
-2;-1;-42;-7
-2;-1;-41;-7
-2;-1;-40;-7
-2;-1;-39;-7
-2;-1;-38;-7
-2;-1;-37;-7
-2;-1;-36;-7
-2;-1;-35;-7
-2;-1;-34;-7
-2;-1;-33;-7
-2;-1;-50;-6
-2;-1;-49;-6
-2;-1;-48;-6
-2;-1;-47;-6
-2;-1;-46;-6
-2;-1;-45;-6
-2;-1;-44;-6
-2;-1;-43;-6
-2;-1;-42;-6
-2;-1;-41;-6
-2;-1;-40;-6
-2;-1;-39;-6
-2;-1;-38;-6
-2;-1;-37;-6
-2;-1;-36;-6
-2;-1;-35;-6
-2;-1;-34;-6
-2;-1;-33;-6
-2;-1;-55;-5
-2;-1;-54;-5
-2;-1;-50;-5
-2;-1;-49;-5
-2;-1;-48;-5
-2;-1;-47;-5
-2;-1;-46;-5
-2;-1;-45;-5
-2;-1;-44;-5
-2;-1;-43;-5
-2;-1;-42;-5
-2;-1;-41;-5
-2;-1;-40;-5
-2;-1;-39;-5
-2;-1;-38;-5
-2;-1;-37;-5
-2;-1;-36;-5
-2;-1;-35;-5
-2;-1;-34;-5
-2;-1;-33;-5
-2;-1;-55;-4
-2;-1;-54;-4
-2;-1;-52;-4
-2;-1;-51;-4
-2;-1;-50;-4
-2;-1;-49;-4
-2;-1;-48;-4
-2;-1;-47;-4
-2;-1;-46;-4
-2;-1;-45;-4
-2;-1;-44;-4
-2;-1;-43;-4
-2;-1;-42;-4
-2;-1;-41;-4
-2;-1;-40;-4
-2;-1;-39;-4
-2;-1;-38;-4
-2;-1;-37;-4
-2;-1;-36;-4
-2;-1;-35;-4
-2;-1;-34;-4
-2;-1;-33;-4
-2;-1;-55;-3
-2;-1;-54;-3
-2;-1;-52;-3
-2;-1;-51;-3
-2;-1;-50;-3
-2;-1;-49;-3
-2;-1;-48;-3
-2;-1;-47;-3
-2;-1;-46;-3
-2;-1;-45;-3
-2;-1;-44;-3
-2;-1;-43;-3
-2;-1;-42;-3
-2;-1;-41;-3
-2;-1;-40;-3
-2;-1;-39;-3
-2;-1;-38;-3
-2;-1;-37;-3
-2;-1;-36;-3
-2;-1;-35;-3
-2;-1;-34;-3
-2;-1;-33;-3
-2;-1;-64;-2
-2;-1;-63;-2
-2;-1;-62;-2
-2;-1;-52;-2
-2;-1;-51;-2
-2;-1;-50;-2
-2;-1;-49;-2
-2;-1;-48;-2
-2;-1;-47;-2
-2;-1;-46;-2
-2;-1;-45;-2
-2;-1;-44;-2
-2;-1;-43;-2
-2;-1;-42;-2
-2;-1;-41;-2
-2;-1;-40;-2
-2;-1;-39;-2
-2;-1;-38;-2
-2;-1;-37;-2
-2;-1;-36;-2
-2;-1;-35;-2
-2;-1;-34;-2
-2;-1;-33;-2
-2;-1;-64;-1
-2;-1;-63;-1
-2;-1;-62;-1
-2;-1;-52;-1
-2;-1;-51;-1
-2;-1;-50;-1
-2;-1;-49;-1
-2;-1;-48;-1
-2;-1;-47;-1
-2;-1;-46;-1
-2;-1;-45;-1
-2;-1;-44;-1
-2;-1;-43;-1
-2;-1;-42;-1
-2;-1;-41;-1
-2;-1;-40;-1
-2;-1;-39;-1
-2;-1;-38;-1
-2;-1;-37;-1
-2;-1;-36;-1
-2;-1;-35;-1
-2;-1;-34;-1
-2;-1;-33;-1
-1;-1;-18;-15
-1;-1;-17;-15
-1;-1;-16;-15
-1;-1;-18;-14
-1;-1;-17;-14
-1;-1;-16;-14
-1;-1;-18;-13
-1;-1;-17;-13
-1;-1;-16;-13
-1;-1;-15;-13
-1;-1;-14;-13
-1;-1;-13;-13
-1;-1;-18;-12
-1;-1;-17;-12
-1;-1;-16;-12
-1;-1;-15;-12
-1;-1;-14;-12
-1;-1;-13;-12
-1;-1;-32;-11
-1;-1;-31;-11
-1;-1;-30;-11
-1;-1;-29;-11
-1;-1;-28;-11
-1;-1;-25;-11
-1;-1;-24;-11
-1;-1;-23;-11
-1;-1;-22;-11
-1;-1;-21;-11
-1;-1;-20;-11
-1;-1;-19;-11
-1;-1;-18;-11
-1;-1;-17;-11
-1;-1;-16;-11
-1;-1;-15;-11
-1;-1;-14;-11
-1;-1;-13;-11
-1;-1;-32;-10
-1;-1;-31;-10
-1;-1;-30;-10
-1;-1;-29;-10
-1;-1;-28;-10
-1;-1;-25;-10
-1;-1;-24;-10
-1;-1;-23;-10
-1;-1;-22;-10
-1;-1;-21;-10
-1;-1;-20;-10
-1;-1;-19;-10
-1;-1;-18;-10
-1;-1;-17;-10
-1;-1;-16;-10
-1;-1;-15;-10
-1;-1;-14;-10
-1;-1;-13;-10
-1;-1;-32;-9
-1;-1;-31;-9
-1;-1;-30;-9
-1;-1;-29;-9
-1;-1;-28;-9
-1;-1;-25;-9
-1;-1;-24;-9
-1;-1;-23;-9
-1;-1;-22;-9
-1;-1;-21;-9
-1;-1;-20;-9
-1;-1;-19;-9
-1;-1;-18;-9
-1;-1;-17;-9
-1;-1;-16;-9
-1;-1;-15;-9
-1;-1;-14;-9
-1;-1;-13;-9
-1;-1;-32;-8
-1;-1;-31;-8
-1;-1;-30;-8
-1;-1;-26;-8
-1;-1;-25;-8
-1;-1;-24;-8
-1;-1;-23;-8
-1;-1;-22;-8
-1;-1;-21;-8
-1;-1;-20;-8
-1;-1;-19;-8
-1;-1;-18;-8
-1;-1;-17;-8
-1;-1;-16;-8
-1;-1;-15;-8
-1;-1;-14;-8
-1;-1;-13;-8
-1;-1;-32;-7
-1;-1;-31;-7
-1;-1;-30;-7
-1;-1;-26;-7
-1;-1;-25;-7
-1;-1;-24;-7
-1;-1;-23;-7
-1;-1;-22;-7
-1;-1;-21;-7
-1;-1;-20;-7
-1;-1;-19;-7
-1;-1;-18;-7
-1;-1;-17;-7
-1;-1;-16;-7
-1;-1;-15;-7
-1;-1;-14;-7
-1;-1;-13;-7
-1;-1;-32;-6
-1;-1;-31;-6
-1;-1;-30;-6
-1;-1;-26;-6
-1;-1;-25;-6
-1;-1;-24;-6
-1;-1;-23;-6
-1;-1;-22;-6
-1;-1;-21;-6
-1;-1;-20;-6
-1;-1;-19;-6
-1;-1;-18;-6
-1;-1;-17;-6
-1;-1;-16;-6
-1;-1;-15;-6
-1;-1;-14;-6
-1;-1;-13;-6
-1;-1;-32;-5
-1;-1;-31;-5
-1;-1;-30;-5
-1;-1;-26;-5
-1;-1;-25;-5
-1;-1;-24;-5
-1;-1;-23;-5
-1;-1;-22;-5
-1;-1;-21;-5
-1;-1;-20;-5
-1;-1;-19;-5
-1;-1;-18;-5
-1;-1;-17;-5
-1;-1;-16;-5
-1;-1;-15;-5
-1;-1;-14;-5
-1;-1;-13;-5
-1;-1;-12;-5
-1;-1;-11;-5
-1;-1;-5;-5
-1;-1;-4;-5
-1;-1;-3;-5
-1;-1;-2;-5
-1;-1;-1;-5
-1;-1;-32;-4
-1;-1;-31;-4
-1;-1;-30;-4
-1;-1;-26;-4
-1;-1;-25;-4
-1;-1;-24;-4
-1;-1;-23;-4
-1;-1;-22;-4
-1;-1;-21;-4
-1;-1;-20;-4
-1;-1;-19;-4
-1;-1;-18;-4
-1;-1;-17;-4
-1;-1;-16;-4
-1;-1;-15;-4
-1;-1;-14;-4
-1;-1;-13;-4
-1;-1;-12;-4
-1;-1;-11;-4
-1;-1;-10;-4
-1;-1;-6;-4
-1;-1;-5;-4
-1;-1;-4;-4
-1;-1;-3;-4
-1;-1;-2;-4
-1;-1;-1;-4
-1;-1;-32;-3
-1;-1;-31;-3
-1;-1;-30;-3
-1;-1;-26;-3
-1;-1;-25;-3
-1;-1;-24;-3
-1;-1;-23;-3
-1;-1;-22;-3
-1;-1;-21;-3
-1;-1;-20;-3
-1;-1;-19;-3
-1;-1;-18;-3
-1;-1;-17;-3
-1;-1;-16;-3
-1;-1;-15;-3
-1;-1;-14;-3
-1;-1;-13;-3
-1;-1;-12;-3
-1;-1;-11;-3
-1;-1;-10;-3
-1;-1;-9;-3
-1;-1;-7;-3
-1;-1;-6;-3
-1;-1;-5;-3
-1;-1;-4;-3
-1;-1;-3;-3
-1;-1;-2;-3
-1;-1;-1;-3
-1;-1;-32;-2
-1;-1;-31;-2
-1;-1;-30;-2
-1;-1;-28;-2
-1;-1;-27;-2
-1;-1;-26;-2
-1;-1;-25;-2
-1;-1;-24;-2
-1;-1;-23;-2
-1;-1;-22;-2
-1;-1;-21;-2
-1;-1;-20;-2
-1;-1;-19;-2
-1;-1;-18;-2
-1;-1;-17;-2
-1;-1;-16;-2
-1;-1;-15;-2
-1;-1;-14;-2
-1;-1;-13;-2
-1;-1;-12;-2
-1;-1;-11;-2
-1;-1;-10;-2
-1;-1;-9;-2
-1;-1;-7;-2
-1;-1;-6;-2
-1;-1;-5;-2
-1;-1;-4;-2
-1;-1;-3;-2
-1;-1;-2;-2
-1;-1;-1;-2
-1;-1;-32;-1
-1;-1;-31;-1
-1;-1;-30;-1
-1;-1;-29;-1
-1;-1;-28;-1
-1;-1;-27;-1
-1;-1;-26;-1
-1;-1;-25;-1
-1;-1;-24;-1
-1;-1;-23;-1
-1;-1;-22;-1
-1;-1;-21;-1
-1;-1;-20;-1
-1;-1;-19;-1
-1;-1;-18;-1
-1;-1;-17;-1
-1;-1;-16;-1
-1;-1;-15;-1
-1;-1;-14;-1
-1;-1;-13;-1
-1;-1;-12;-1
-1;-1;-11;-1
-1;-1;-10;-1
-1;-1;-9;-1
-1;-1;-7;-1
-1;-1;-6;-1
-1;-1;-5;-1
-1;-1;-4;-1
-1;-1;-3;-1
-1;-1;-2;-1
-1;-1;-1;-1
-3;0;-71;0
-3;0;-70;0
-3;0;-69;0
-3;0;-68;0
-3;0;-67;0
-3;0;-66;0
-3;0;-65;0
-3;0;-71;1
-3;0;-70;1
-3;0;-69;1
-3;0;-68;1
-3;0;-67;1
-3;0;-66;1
-3;0;-65;1
-3;0;-71;2
-3;0;-70;2
-3;0;-69;2
-3;0;-68;2
-3;0;-67;2
-3;0;-66;2
-3;0;-65;2
-3;0;-69;3
-3;0;-68;3
-3;0;-67;3
-3;0;-66;3
-3;0;-65;3
-3;0;-69;4
-3;0;-68;4
-3;0;-67;4
-3;0;-66;4
-3;0;-65;4
-3;0;-69;5
-3;0;-68;5
-3;0;-67;5
-3;0;-66;5
-3;0;-65;5
-3;0;-83;6
-3;0;-82;6
-3;0;-81;6
-3;0;-80;6
-3;0;-79;6
-3;0;-78;6
-3;0;-77;6
-3;0;-76;6
-3;0;-75;6
-3;0;-74;6
-3;0;-69;6
-3;0;-68;6
-3;0;-67;6
-3;0;-66;6
-3;0;-65;6
-3;0;-83;7
-3;0;-82;7
-3;0;-81;7
-3;0;-80;7
-3;0;-79;7
-3;0;-78;7
-3;0;-77;7
-3;0;-76;7
-3;0;-75;7
-3;0;-74;7
-3;0;-71;7
-3;0;-70;7
-3;0;-69;7
-3;0;-68;7
-3;0;-67;7
-3;0;-66;7
-3;0;-65;7
-3;0;-83;8
-3;0;-82;8
-3;0;-81;8
-3;0;-80;8
-3;0;-79;8
-3;0;-78;8
-3;0;-77;8
-3;0;-76;8
-3;0;-75;8
-3;0;-74;8
-3;0;-71;8
-3;0;-70;8
-3;0;-69;8
-3;0;-68;8
-3;0;-67;8
-3;0;-66;8
-3;0;-65;8
-3;0;-83;9
-3;0;-82;9
-3;0;-81;9
-3;0;-80;9
-3;0;-79;9
-3;0;-78;9
-3;0;-77;9
-3;0;-76;9
-3;0;-75;9
-3;0;-74;9
-3;0;-71;9
-3;0;-70;9
-3;0;-69;9
-3;0;-68;9
-3;0;-67;9
-3;0;-66;9
-3;0;-65;9
-3;0;-83;10
-3;0;-82;10
-3;0;-81;10
-3;0;-80;10
-3;0;-79;10
-3;0;-78;10
-3;0;-77;10
-3;0;-76;10
-3;0;-75;10
-3;0;-74;10
-3;0;-70;10
-3;0;-69;10
-3;0;-68;10
-3;0;-67;10
-3;0;-66;10
-3;0;-65;10
-3;0;-83;11
-3;0;-82;11
-3;0;-81;11
-3;0;-80;11
-3;0;-79;11
-3;0;-78;11
-3;0;-77;11
-3;0;-76;11
-3;0;-75;11
-3;0;-74;11
-3;0;-70;11
-3;0;-69;11
-3;0;-68;11
-3;0;-67;11
-3;0;-66;11
-3;0;-65;11
-3;0;-83;12
-3;0;-82;12
-3;0;-81;12
-3;0;-80;12
-3;0;-79;12
-3;0;-78;12
-3;0;-77;12
-3;0;-76;12
-3;0;-75;12
-3;0;-74;12
-3;0;-70;12
-3;0;-69;12
-3;0;-68;12
-3;0;-67;12
-3;0;-66;12
-3;0;-65;12
-3;0;-83;13
-3;0;-82;13
-3;0;-81;13
-3;0;-80;13
-3;0;-79;13
-3;0;-78;13
-3;0;-77;13
-3;0;-76;13
-3;0;-75;13
-3;0;-74;13
-3;0;-70;13
-3;0;-69;13
-3;0;-68;13
-3;0;-67;13
-3;0;-66;13
-3;0;-65;13
-3;0;-83;14
-3;0;-82;14
-3;0;-81;14
-3;0;-80;14
-3;0;-79;14
-3;0;-78;14
-3;0;-77;14
-3;0;-76;14
-3;0;-75;14
-3;0;-74;14
-3;0;-73;14
-3;0;-72;14
-3;0;-71;14
-3;0;-70;14
-3;0;-69;14
-3;0;-68;14
-3;0;-67;14
-3;0;-66;14
-3;0;-65;14
-3;0;-83;15
-3;0;-82;15
-3;0;-81;15
-3;0;-80;15
-3;0;-79;15
-3;0;-78;15
-3;0;-77;15
-3;0;-76;15
-3;0;-75;15
-3;0;-74;15
-3;0;-73;15
-3;0;-72;15
-3;0;-71;15
-3;0;-70;15
-3;0;-69;15
-3;0;-68;15
-3;0;-67;15
-3;0;-66;15
-3;0;-65;15
-3;0;-83;16
-3;0;-82;16
-3;0;-81;16
-3;0;-80;16
-3;0;-79;16
-3;0;-78;16
-3;0;-77;16
-3;0;-76;16
-3;0;-75;16
-3;0;-74;16
-3;0;-73;16
-3;0;-72;16
-3;0;-71;16
-3;0;-70;16
-3;0;-69;16
-3;0;-68;16
-3;0;-67;16
-3;0;-66;16
-3;0;-65;16
-3;0;-83;17
-3;0;-82;17
-3;0;-81;17
-3;0;-80;17
-3;0;-79;17
-3;0;-78;17
-3;0;-77;17
-3;0;-76;17
-3;0;-75;17
-3;0;-74;17
-3;0;-73;17
-3;0;-72;17
-3;0;-71;17
-3;0;-70;17
-3;0;-69;17
-3;0;-68;17
-3;0;-67;17
-3;0;-66;17
-3;0;-65;17
-3;0;-82;18
-3;0;-81;18
-3;0;-80;18
-3;0;-79;18
-3;0;-78;18
-3;0;-77;18
-3;0;-76;18
-3;0;-75;18
-3;0;-74;18
-3;0;-73;18
-3;0;-72;18
-3;0;-71;18
-3;0;-70;18
-3;0;-69;18
-3;0;-68;18
-3;0;-67;18
-3;0;-66;18
-3;0;-65;18
-3;0;-82;19
-3;0;-81;19
-3;0;-80;19
-3;0;-79;19
-3;0;-78;19
-3;0;-77;19
-3;0;-76;19
-3;0;-75;19
-3;0;-74;19
-3;0;-73;19
-3;0;-72;19
-3;0;-71;19
-3;0;-70;19
-3;0;-69;19
-3;0;-68;19
-3;0;-67;19
-3;0;-66;19
-3;0;-65;19
-3;0;-82;20
-3;0;-81;20
-3;0;-80;20
-3;0;-79;20
-3;0;-78;20
-3;0;-77;20
-3;0;-76;20
-3;0;-75;20
-3;0;-74;20
-3;0;-73;20
-3;0;-72;20
-3;0;-71;20
-3;0;-70;20
-3;0;-69;20
-3;0;-68;20
-3;0;-67;20
-3;0;-66;20
-3;0;-65;20
-3;0;-82;21
-3;0;-81;21
-3;0;-80;21
-3;0;-79;21
-3;0;-78;21
-3;0;-77;21
-3;0;-76;21
-3;0;-75;21
-3;0;-74;21
-3;0;-73;21
-3;0;-72;21
-3;0;-71;21
-3;0;-70;21
-3;0;-69;21
-3;0;-68;21
-3;0;-67;21
-3;0;-66;21
-3;0;-65;21
-3;0;-82;22
-3;0;-81;22
-3;0;-80;22
-3;0;-79;22
-3;0;-78;22
-3;0;-77;22
-3;0;-76;22
-3;0;-75;22
-3;0;-74;22
-3;0;-73;22
-3;0;-72;22
-3;0;-71;22
-3;0;-70;22
-3;0;-69;22
-3;0;-68;22
-3;0;-67;22
-3;0;-66;22
-3;0;-65;22
-3;0;-81;23
-3;0;-80;23
-3;0;-79;23
-3;0;-78;23
-3;0;-77;23
-3;0;-76;23
-3;0;-75;23
-3;0;-74;23
-3;0;-73;23
-3;0;-72;23
-3;0;-71;23
-3;0;-70;23
-3;0;-69;23
-3;0;-68;23
-3;0;-67;23
-3;0;-66;23
-3;0;-65;23
-3;0;-81;24
-3;0;-80;24
-3;0;-79;24
-3;0;-78;24
-3;0;-77;24
-3;0;-76;24
-3;0;-75;24
-3;0;-74;24
-3;0;-73;24
-3;0;-72;24
-3;0;-71;24
-3;0;-70;24
-3;0;-69;24
-3;0;-68;24
-3;0;-67;24
-3;0;-66;24
-3;0;-65;24
-3;0;-80;25
-3;0;-79;25
-3;0;-78;25
-3;0;-77;25
-3;0;-76;25
-3;0;-75;25
-3;0;-74;25
-3;0;-73;25
-3;0;-72;25
-3;0;-71;25
-3;0;-70;25
-3;0;-69;25
-3;0;-68;25
-3;0;-67;25
-3;0;-66;25
-3;0;-65;25
-3;0;-80;26
-3;0;-79;26
-3;0;-78;26
-3;0;-77;26
-3;0;-76;26
-3;0;-75;26
-3;0;-74;26
-3;0;-73;26
-3;0;-72;26
-3;0;-71;26
-3;0;-70;26
-3;0;-69;26
-3;0;-68;26
-3;0;-67;26
-3;0;-66;26
-3;0;-65;26
-3;0;-80;27
-3;0;-79;27
-3;0;-78;27
-3;0;-77;27
-3;0;-76;27
-3;0;-75;27
-3;0;-74;27
-3;0;-73;27
-3;0;-72;27
-3;0;-71;27
-3;0;-70;27
-3;0;-69;27
-3;0;-68;27
-3;0;-67;27
-3;0;-66;27
-3;0;-65;27
-3;0;-79;28
-3;0;-78;28
-3;0;-77;28
-3;0;-76;28
-3;0;-75;28
-3;0;-74;28
-3;0;-73;28
-3;0;-72;28
-3;0;-71;28
-3;0;-70;28
-3;0;-69;28
-3;0;-68;28
-3;0;-67;28
-3;0;-66;28
-3;0;-65;28
-3;0;-79;29
-3;0;-78;29
-3;0;-77;29
-3;0;-76;29
-3;0;-75;29
-3;0;-74;29
-3;0;-73;29
-3;0;-72;29
-3;0;-71;29
-3;0;-70;29
-3;0;-69;29
-3;0;-68;29
-3;0;-67;29
-3;0;-66;29
-3;0;-65;29
-3;0;-79;30
-3;0;-78;30
-3;0;-77;30
-3;0;-76;30
-3;0;-75;30
-3;0;-74;30
-3;0;-73;30
-3;0;-72;30
-3;0;-71;30
-3;0;-70;30
-3;0;-69;30
-3;0;-68;30
-3;0;-67;30
-3;0;-66;30
-3;0;-65;30
-3;0;-79;31
-3;0;-78;31
-3;0;-73;31
-3;0;-72;31
-3;0;-71;31
-3;0;-70;31
-3;0;-69;31
-3;0;-68;31
-3;0;-67;31
-3;0;-66;31
-3;0;-65;31
