-2;-1;-40;-25
-2;-1;-39;-25
-2;-1;-40;-24
-2;-1;-39;-24
-2;-1;-38;-24
-2;-1;-37;-24
-2;-1;-36;-24
-2;-1;-41;-23
-2;-1;-40;-23
-2;-1;-39;-23
-2;-1;-38;-23
-2;-1;-37;-23
-2;-1;-36;-23
-2;-1;-35;-23
-2;-1;-34;-23
-2;-1;-33;-23
-2;-1;-42;-22
-2;-1;-41;-22
-2;-1;-40;-22
-2;-1;-39;-22
-2;-1;-38;-22
-2;-1;-37;-22
-2;-1;-36;-22
-2;-1;-35;-22
-2;-1;-34;-22
-2;-1;-33;-22
-2;-1;-43;-21
-2;-1;-42;-21
-2;-1;-41;-21
-2;-1;-40;-21
-2;-1;-39;-21
-2;-1;-38;-21
-2;-1;-37;-21
-2;-1;-36;-21
-2;-1;-35;-21
-2;-1;-34;-21
-2;-1;-33;-21
-2;-1;-42;-20
-2;-1;-41;-20
-2;-1;-40;-20
-2;-1;-39;-20
-2;-1;-38;-20
-2;-1;-37;-20
-2;-1;-36;-20
-2;-1;-35;-20
-2;-1;-34;-20
-2;-1;-33;-20
-2;-1;-44;-19
-2;-1;-43;-19
-2;-1;-42;-19
-2;-1;-41;-19
-2;-1;-40;-19
-2;-1;-39;-19
-2;-1;-38;-19
-2;-1;-37;-19
-2;-1;-36;-19
-2;-1;-35;-19
-2;-1;-34;-19
-2;-1;-33;-19
-2;-1;-45;-18
-2;-1;-44;-18
-2;-1;-43;-18
-2;-1;-42;-18
-2;-1;-41;-18
-2;-1;-40;-18
-2;-1;-39;-18
-2;-1;-38;-18
-2;-1;-37;-18
-2;-1;-36;-18
-2;-1;-35;-18
-2;-1;-34;-18
-2;-1;-33;-18
-2;-1;-48;-17
-2;-1;-47;-17
-2;-1;-46;-17
-2;-1;-45;-17
-2;-1;-44;-17
-2;-1;-43;-17
-2;-1;-42;-17
-2;-1;-41;-17
-2;-1;-40;-17
-2;-1;-39;-17
-2;-1;-38;-17
-2;-1;-37;-17
-2;-1;-36;-17
-2;-1;-35;-17
-2;-1;-34;-17
-2;-1;-33;-17
-2;-1;-48;-16
-2;-1;-47;-16
-2;-1;-46;-16
-2;-1;-45;-16
-2;-1;-44;-16
-2;-1;-43;-16
-2;-1;-42;-16
-2;-1;-41;-16
-2;-1;-40;-16
-2;-1;-39;-16
-2;-1;-38;-16
-2;-1;-37;-16
-2;-1;-36;-16
-2;-1;-35;-16
-2;-1;-34;-16
-2;-1;-33;-16
-2;-1;-48;-15
-2;-1;-47;-15
-2;-1;-46;-15
-2;-1;-45;-15
-2;-1;-44;-15
-2;-1;-43;-15
-2;-1;-42;-15
-2;-1;-41;-15
-2;-1;-40;-15
-2;-1;-39;-15
-2;-1;-38;-15
-2;-1;-37;-15
-2;-1;-36;-15
-2;-1;-35;-15
-2;-1;-34;-15
-2;-1;-33;-15
-2;-1;-48;-14
-2;-1;-47;-14
-2;-1;-46;-14
-2;-1;-45;-14
-2;-1;-44;-14
-2;-1;-43;-14
-2;-1;-42;-14
-2;-1;-41;-14
-2;-1;-40;-14
-2;-1;-39;-14
-2;-1;-35;-14
-2;-1;-34;-14
-2;-1;-33;-14
-2;-1;-48;-13
-2;-1;-47;-13
-2;-1;-46;-13
-2;-1;-45;-13
-2;-1;-44;-13
-2;-1;-43;-13
-2;-1;-42;-13
-2;-1;-35;-13
-2;-1;-34;-13
-2;-1;-33;-13
-2;-1;-35;-12
-2;-1;-34;-12
-1;-1;-29;-30
-1;-1;-28;-30
-1;-1;-27;-30
-1;-1;-32;-29
-1;-1;-31;-29
-1;-1;-30;-29
-1;-1;-29;-29
-1;-1;-28;-29
-1;-1;-27;-29
-1;-1;-26;-29
-1;-1;-25;-29
-1;-1;-24;-29
-1;-1;-23;-29
-1;-1;-22;-29
-1;-1;-21;-29
-1;-1;-20;-29
-1;-1;-19;-29
-1;-1;-18;-29
-1;-1;-17;-29
-1;-1;-16;-29
-1;-1;-32;-28
-1;-1;-31;-28
-1;-1;-30;-28
-1;-1;-29;-28
-1;-1;-28;-28
-1;-1;-27;-28
-1;-1;-26;-28
-1;-1;-25;-28
-1;-1;-24;-28
-1;-1;-23;-28
-1;-1;-22;-28
-1;-1;-21;-28
-1;-1;-20;-28
-1;-1;-19;-28
-1;-1;-18;-28
-1;-1;-17;-28
-1;-1;-16;-28
-1;-1;-32;-27
-1;-1;-31;-27
-1;-1;-30;-27
-1;-1;-29;-27
-1;-1;-28;-27
-1;-1;-27;-27
-1;-1;-26;-27
-1;-1;-25;-27
-1;-1;-24;-27
-1;-1;-23;-27
-1;-1;-22;-27
-1;-1;-21;-27
-1;-1;-20;-27
-1;-1;-19;-27
-1;-1;-18;-27
-1;-1;-17;-27
-1;-1;-16;-27
-1;-1;-31;-26
-1;-1;-30;-26
-1;-1;-29;-26
-1;-1;-28;-26
-1;-1;-27;-26
-1;-1;-26;-26
-1;-1;-25;-26
-1;-1;-24;-26
-1;-1;-23;-26
-1;-1;-22;-26
-1;-1;-21;-26
-1;-1;-20;-26
-1;-1;-19;-26
-1;-1;-18;-26
-1;-1;-17;-26
-1;-1;-16;-26
-1;-1;-31;-25
-1;-1;-30;-25
-1;-1;-29;-25
-1;-1;-28;-25
-1;-1;-27;-25
-1;-1;-26;-25
-1;-1;-25;-25
-1;-1;-24;-25
-1;-1;-23;-25
-1;-1;-22;-25
-1;-1;-21;-25
-1;-1;-20;-25
-1;-1;-19;-25
-1;-1;-18;-25
-1;-1;-17;-25
-1;-1;-16;-25
-1;-1;-30;-24
-1;-1;-29;-24
-1;-1;-28;-24
-1;-1;-27;-24
-1;-1;-26;-24
-1;-1;-25;-24
-1;-1;-24;-24
-1;-1;-23;-24
-1;-1;-22;-24
-1;-1;-21;-24
-1;-1;-20;-24
-1;-1;-19;-24
-1;-1;-31;-23
-1;-1;-30;-23
-1;-1;-29;-23
-1;-1;-28;-23
-1;-1;-27;-23
-1;-1;-26;-23
-1;-1;-25;-23
-1;-1;-24;-23
-1;-1;-23;-23
-1;-1;-22;-23
-1;-1;-21;-23
-1;-1;-20;-23
-1;-1;-19;-23
-1;-1;-32;-22
-1;-1;-31;-22
-1;-1;-30;-22
-1;-1;-29;-22
-1;-1;-28;-22
-1;-1;-27;-22
-1;-1;-26;-22
-1;-1;-25;-22
-1;-1;-24;-22
-1;-1;-23;-22
-1;-1;-22;-22
-1;-1;-21;-22
-1;-1;-20;-22
-1;-1;-19;-22
-1;-1;-32;-21
-1;-1;-31;-21
-1;-1;-30;-21
-1;-1;-29;-21
-1;-1;-28;-21
-1;-1;-27;-21
-1;-1;-26;-21
-1;-1;-25;-21
-1;-1;-24;-21
-1;-1;-23;-21
-1;-1;-22;-21
-1;-1;-21;-21
-1;-1;-20;-21
-1;-1;-19;-21
-1;-1;-32;-20
-1;-1;-31;-20
-1;-1;-30;-20
-1;-1;-29;-20
-1;-1;-28;-20
-1;-1;-27;-20
-1;-1;-26;-20
-1;-1;-25;-20
-1;-1;-24;-20
-1;-1;-23;-20
-1;-1;-32;-19
-1;-1;-31;-19
-1;-1;-30;-19
-1;-1;-29;-19
-1;-1;-28;-19
-1;-1;-27;-19
-1;-1;-26;-19
-1;-1;-25;-19
-1;-1;-24;-19
-1;-1;-23;-19
-1;-1;-32;-18
-1;-1;-31;-18
-1;-1;-30;-18
-1;-1;-29;-18
-1;-1;-28;-18
-1;-1;-27;-18
-1;-1;-26;-18
-1;-1;-25;-18
-1;-1;-24;-18
-1;-1;-23;-18
-1;-1;-21;-18
-1;-1;-20;-18
-1;-1;-32;-17
-1;-1;-31;-17
-1;-1;-30;-17
-1;-1;-29;-17
-1;-1;-28;-17
-1;-1;-27;-17
-1;-1;-26;-17
-1;-1;-21;-17
-1;-1;-20;-17
-1;-1;-32;-16
-1;-1;-31;-16
-1;-1;-30;-16
-1;-1;-29;-16
-1;-1;-28;-16
-1;-1;-27;-16
-1;-1;-26;-16
-1;-1;-32;-15
-1;-1;-31;-15
-1;-1;-30;-15
-1;-1;-29;-15
-1;-1;-28;-15
-1;-1;-32;-14
-1;-1;-31;-14
-1;-1;-30;-14
-1;-1;-29;-14
-1;-1;-28;-14
-1;-1;-32;-13
-1;-1;-31;-13
-1;-1;-30;-13
-1;-1;-29;-13
-1;-1;-28;-13
-1;-1;-30;-12
